{
 "mass1": [1.1331687],
 "mass2": [1.010624],
 "distance": [160]
}
